{
  "3 6000 900 8000 200000 7 100000 12 20 9999": {
    "serial": {
      "time": [
        0.35521779
      ],
      "stdout": [
        "7997 169862 93679\n"
      ]
    },
    "omp": {
      "time": [
        0.2
      ],
      "stdout": [
        "7997 169862 93679\n"
      ]
    }
  },
  "4 900 2000 100000 1000000 10 400000 30 30 12345": {
    "serial": {
      "time": [
        0.32769746
      ],
      "stdout": [
        "97329 197224 157616\n"
      ]
    },
    "omp": {
      "time": [
        0.1
      ],
      "stdout": [
        "97329 197224 157616\n"
      ]
    }
  },
  "2 1000 800 100000 80000 10 1000 30 8 500": {
    "serial": {
      "time": [
        0.04312161
      ],
      "stdout": [
        "93877 61424 794\n"
      ]
    },
    "omp": {
      "time": [
        0.01
      ],
      "stdout": [
        "93877 61424 794\n"
      ]
    }
  },
  "1 200 500 500 1000 3 600 6 10 1234": {
    "serial": {
      "time": [
        0.0015783
      ],
      "stdout": [
        "498 961 588\n"
      ]
    },
    "omp": {
      "time": [
        0.0
      ],
      "stdout": [
        "498 961 588\n"
      ]
    }
  }
}
